iter	Poisson
0	0.9973991918
1	0.9960683491
2	0.9956330285
3	0.9952487152
4	0.9951109816
5	0.9946028767
6	0.9942662332
7	0.9940222406
8	0.9938334251
9	0.9936009012
10	0.993520623
